Year.Month.Day,year-month-day,PC05,year,month,day
2006-01-01,2006-1-1,30.515,2006,1,1
2006-01-10,2006-1-10,11.85,2006,1,10
2006-01-11,2006-1-11,5.045,2006,1,11
2006-01-12,2006-1-12,78.32,2006,1,12
2006-01-13,2006-1-13,93.065,2006,1,13
2006-01-14,2006-1-14,75.675,2006,1,14
2006-01-15,2006-1-15,68.145,2006,1,15
2006-01-16,2006-1-16,39.18,2006,1,16
2006-01-17,2006-1-17,53.035,2006,1,17
2006-01-18,2006-1-18,66.525,2006,1,18
2006-01-19,2006-1-19,44.145,2006,1,19
2006-01-02,2006-1-2,57.12,2006,1,2
2006-01-20,2006-1-20,73.865,2006,1,20
2006-01-21,2006-1-21,111.4,2006,1,21
2006-01-22,2006-1-22,68.44,2006,1,22
2006-01-23,2006-1-23,20.805,2006,1,23
2006-01-24,2006-1-24,34.115,2006,1,24
2006-01-25,2006-1-25,74.1,2006,1,25
2006-01-26,2006-1-26,187.2,2006,1,26
2006-01-27,2006-1-27,123.105,2006,1,27
2006-01-28,2006-1-28,84.335,2006,1,28
2006-01-29,2006-1-29,74.115,2006,1,29
2006-01-03,2006-1-3,63.445,2006,1,3
2006-01-30,2006-1-30,170.075,2006,1,30
2006-01-31,2006-1-31,44.66,2006,1,31
2006-01-04,2006-1-4,32.815,2006,1,4
2006-01-05,2006-1-5,9.82,2006,1,5
2006-01-06,2006-1-6,33.1,2006,1,6
2006-01-07,2006-1-7,39.82,2006,1,7
2006-01-08,2006-1-8,28.555,2006,1,8
2006-01-09,2006-1-9,22.625,2006,1,9
2006-10-01,2006-10-1,1.435,2006,10,1
2006-10-10,2006-10-10,4.545,2006,10,10
2006-10-11,2006-10-11,25.64,2006,10,11
2006-10-12,2006-10-12,17.5,2006,10,12
2006-10-13,2006-10-13,9.1,2006,10,13
2006-10-14,2006-10-14,36.3,2006,10,14
2006-10-15,2006-10-15,23.67,2006,10,15
2006-10-16,2006-10-16,37.47,2006,10,16
2006-10-17,2006-10-17,81.135,2006,10,17
2006-10-18,2006-10-18,54.37,2006,10,18
2006-10-19,2006-10-19,26.77,2006,10,19
2006-10-02,2006-10-2,0.635,2006,10,2
2006-10-20,2006-10-20,17.445,2006,10,20
2006-10-21,2006-10-21,29.695,2006,10,21
2006-10-22,2006-10-22,43.405,2006,10,22
2006-10-23,2006-10-23,39.97,2006,10,23
2006-10-24,2006-10-24,22.265,2006,10,24
2006-10-25,2006-10-25,13.815,2006,10,25
2006-10-26,2006-10-26,25.77,2006,10,26
2006-10-27,2006-10-27,26.54,2006,10,27
2006-10-28,2006-10-28,31.89,2006,10,28
2006-10-29,2006-10-29,78.745,2006,10,29
2006-10-03,2006-10-3,2.3,2006,10,3
2006-10-30,2006-10-30,16.605,2006,10,30
2006-10-31,2006-10-31,4.935,2006,10,31
2006-10-04,2006-10-4,12.135,2006,10,4
2006-10-05,2006-10-5,11.535,2006,10,5
2006-10-06,2006-10-6,13.31,2006,10,6
2006-10-07,2006-10-7,2.035,2006,10,7
2006-10-08,2006-10-8,2.67,2006,10,8
2006-10-09,2006-10-9,5.04,2006,10,9
2006-11-01,2006-11-1,23.905,2006,11,1
2006-11-10,2006-11-10,96.935,2006,11,10
2006-11-11,2006-11-11,74.935,2006,11,11
2006-11-12,2006-11-12,60.745,2006,11,12
2006-11-13,2006-11-13,46.735,2006,11,13
2006-11-14,2006-11-14,65.17,2006,11,14
2006-11-15,2006-11-15,76.4,2006,11,15
2006-11-16,2006-11-16,61.97,2006,11,16
2006-11-17,2006-11-17,163.605,2006,11,17
2006-11-18,2006-11-18,231.51,2006,11,18
2006-11-19,2006-11-19,126.47,2006,11,19
2006-11-02,2006-11-2,15.535,2006,11,2
2006-11-20,2006-11-20,110.54,2006,11,20
2006-11-21,2006-11-21,36.125,2006,11,21
2006-11-22,2006-11-22,22.915,2006,11,22
2006-11-23,2006-11-23,21.705,2006,11,23
2006-11-24,2006-11-24,27.81,2006,11,24
2006-11-25,2006-11-25,4.635,2006,11,25
2006-11-26,2006-11-26,3.58,2006,11,26
2006-11-27,2006-11-27,5.135,2006,11,27
2006-11-28,2006-11-28,5.31,2006,11,28
2006-11-29,2006-11-29,6.86,2006,11,29
2006-11-03,2006-11-3,16.535,2006,11,3
2006-11-30,2006-11-30,42.5,2006,11,30
2006-11-04,2006-11-4,15.8,2006,11,4
2006-11-05,2006-11-5,15.5,2006,11,5
2006-11-06,2006-11-6,18.57,2006,11,6
2006-11-07,2006-11-7,29.735,2006,11,7
2006-11-08,2006-11-8,137.07,2006,11,8
2006-11-09,2006-11-9,107.01,2006,11,9
2006-12-01,2006-12-1,46.135,2006,12,1
2006-12-10,2006-12-10,67.7,2006,12,10
2006-12-11,2006-12-11,85.505,2006,12,11
2006-12-12,2006-12-12,728.74,2006,12,12
2006-12-13,2006-12-13,510.685,2006,12,13
2006-12-14,2006-12-14,137.92,2006,12,14
2006-12-15,2006-12-15,87.975,2006,12,15
2006-12-16,2006-12-16,140.765,2006,12,16
2006-12-17,2006-12-17,171.27,2006,12,17
2006-12-18,2006-12-18,102.77,2006,12,18
2006-12-19,2006-12-19,77.635,2006,12,19
2006-12-02,2006-12-2,141.45,2006,12,2
2006-12-20,2006-12-20,47.07,2006,12,20
2006-12-21,2006-12-21,79.045,2006,12,21
2006-12-22,2006-12-22,52.88,2006,12,22
2006-12-23,2006-12-23,27.635,2006,12,23
2006-12-24,2006-12-24,25.975,2006,12,24
2006-12-25,2006-12-25,30.805,2006,12,25
2006-12-26,2006-12-26,27.535,2006,12,26
2006-12-27,2006-12-27,31.7,2006,12,27
2006-12-28,2006-12-28,98.075,2006,12,28
2006-12-29,2006-12-29,718.95,2006,12,29
2006-12-03,2006-12-3,231.405,2006,12,3
2006-12-30,2006-12-30,764.335,2006,12,30
2006-12-04,2006-12-4,50.21,2006,12,4
2006-12-05,2006-12-5,35.905,2006,12,5
2006-12-06,2006-12-6,90.24,2006,12,6
2006-12-07,2006-12-7,86.74,2006,12,7
2006-12-08,2006-12-8,40.2,2006,12,8
2006-12-09,2006-12-9,21.55,2006,12,9
2006-02-01,2006-2-1,41.17,2006,2,1
2006-02-10,2006-2-10,125.735,2006,2,10
2006-02-11,2006-2-11,100.505,2006,2,11
2006-02-12,2006-2-12,13.645,2006,2,12
2006-02-13,2006-2-13,8.1,2006,2,13
2006-02-14,2006-2-14,23.58,2006,2,14
2006-02-15,2006-2-15,39.635,2006,2,15
2006-02-16,2006-2-16,58.525,2006,2,16
2006-02-17,2006-2-17,230.805,2006,2,17
2006-02-18,2006-2-18,428.795,2006,2,18
2006-02-19,2006-2-19,34.405,2006,2,19
2006-02-02,2006-2-2,54.24,2006,2,2
2006-02-20,2006-2-20,49.715,2006,2,20
2006-02-21,2006-2-21,42.435,2006,2,21
2006-02-22,2006-2-22,30.67,2006,2,22
2006-02-23,2006-2-23,30.705,2006,2,23
2006-02-24,2006-2-24,77.02,2006,2,24
2006-02-25,2006-2-25,35.38,2006,2,25
2006-02-26,2006-2-26,18.835,2006,2,26
2006-02-27,2006-2-27,13.41,2006,2,27
2006-02-28,2006-2-28,17.935,2006,2,28
2006-02-03,2006-2-3,43.535,2006,2,3
2006-02-04,2006-2-4,136.51,2006,2,4
2006-02-05,2006-2-5,125.735,2006,2,5
2006-02-06,2006-2-6,111.175,2006,2,6
2006-02-07,2006-2-7,58.345,2006,2,7
2006-02-08,2006-2-8,10.41,2006,2,8
2006-02-09,2006-2-9,39.435,2006,2,9
2006-03-01,2006-3-1,24.9,2006,3,1
2006-03-10,2006-3-10,701.375,2006,3,10
2006-03-11,2006-3-11,303.22,2006,3,11
2006-03-12,2006-3-12,146.085,2006,3,12
2006-03-13,2006-3-13,36.595,2006,3,13
2006-03-14,2006-3-14,26.18,2006,3,14
2006-03-15,2006-3-15,49.04,2006,3,15
2006-03-16,2006-3-16,60.505,2006,3,16
2006-03-17,2006-3-17,67.275,2006,3,17
2006-03-18,2006-3-18,84.6,2006,3,18
2006-03-19,2006-3-19,151.67,2006,3,19
2006-03-02,2006-3-2,82.135,2006,3,2
2006-03-20,2006-3-20,141.535,2006,3,20
2006-03-21,2006-3-21,179.05,2006,3,21
2006-03-22,2006-3-22,196.85,2006,3,22
2006-03-23,2006-3-23,113.435,2006,3,23
2006-03-24,2006-3-24,45.84,2006,3,24
2006-03-25,2006-3-25,28.11,2006,3,25
2006-03-26,2006-3-26,107,2006,3,26
2006-03-27,2006-3-27,92.325,2006,3,27
2006-03-28,2006-3-28,100.58,2006,3,28
2006-03-29,2006-3-29,77.455,2006,3,29
2006-03-03,2006-3-3,120.145,2006,3,3
2006-03-30,2006-3-30,222.38,2006,3,30
2006-03-31,2006-3-31,189.85,2006,3,31
2006-03-04,2006-3-4,86.495,2006,3,4
2006-03-05,2006-3-5,94.87,2006,3,5
2006-03-06,2006-3-6,81.44,2006,3,6
2006-03-07,2006-3-7,54.54,2006,3,7
2006-03-08,2006-3-8,975.89,2006,3,8
2006-03-09,2006-3-9,899.55,2006,3,9
2006-04-01,2006-4-1,129.87,2006,4,1
2006-04-10,2006-4-10,54.31,2006,4,10
2006-04-11,2006-4-11,195.875,2006,4,11
2006-04-12,2006-4-12,209.25,2006,4,12
2006-04-13,2006-4-13,223.51,2006,4,13
2006-04-14,2006-4-14,171.745,2006,4,14
2006-04-15,2006-4-15,86.14,2006,4,15
2006-04-16,2006-4-16,71.64,2006,4,16
2006-04-17,2006-4-17,237.82,2006,4,17
2006-04-18,2006-4-18,432.015,2006,4,18
2006-04-19,2006-4-19,365.315,2006,4,19
2006-04-02,2006-4-2,308.015,2006,4,2
2006-04-20,2006-4-20,154.965,2006,4,20
2006-04-21,2006-4-21,34.07,2006,4,21
2006-04-22,2006-4-22,40.135,2006,4,22
2006-04-23,2006-4-23,28.35,2006,4,23
2006-04-24,2006-4-24,76.99,2006,4,24
2006-04-25,2006-4-25,71.035,2006,4,25
2006-04-26,2006-4-26,28.935,2006,4,26
2006-04-27,2006-4-27,32.71,2006,4,27
2006-04-28,2006-4-28,18.94,2006,4,28
2006-04-29,2006-4-29,25.61,2006,4,29
2006-04-03,2006-4-3,402.04,2006,4,3
2006-04-30,2006-4-30,60.28,2006,4,30
2006-04-04,2006-4-4,155.81,2006,4,4
2006-04-05,2006-4-5,72.215,2006,4,5
2006-04-06,2006-4-6,17.26,2006,4,6
2006-04-07,2006-4-7,65.915,2006,4,7
2006-04-08,2006-4-8,238.905,2006,4,8
2006-04-09,2006-4-9,38.53,2006,4,9
2006-05-01,2006-5-1,19.505,2006,5,1
2006-05-10,2006-5-10,21.035,2006,5,10
2006-05-11,2006-5-11,6.735,2006,5,11
2006-05-12,2006-5-12,13.025,2006,5,12
2006-05-13,2006-5-13,20.215,2006,5,13
2006-05-14,2006-5-14,31.155,2006,5,14
2006-05-15,2006-5-15,26.965,2006,5,15
2006-05-16,2006-5-16,4.42,2006,5,16
2006-05-17,2006-5-17,38.9,2006,5,17
2006-05-18,2006-5-18,26.935,2006,5,18
2006-05-19,2006-5-19,25.1,2006,5,19
2006-05-02,2006-5-2,7.605,2006,5,2
2006-05-20,2006-5-20,40.47,2006,5,20
2006-05-21,2006-5-21,26.345,2006,5,21
2006-05-22,2006-5-22,14.47,2006,5,22
2006-05-23,2006-5-23,48,2006,5,23
2006-05-24,2006-5-24,37.94,2006,5,24
2006-05-25,2006-5-25,46.405,2006,5,25
2006-05-26,2006-5-26,5.505,2006,5,26
2006-05-27,2006-5-27,11.85,2006,5,27
2006-05-28,2006-5-28,44.01,2006,5,28
2006-05-29,2006-5-29,32.83,2006,5,29
2006-05-03,2006-5-3,5.205,2006,5,3
2006-05-04,2006-5-4,9.235,2006,5,4
2006-05-05,2006-5-5,19.835,2006,5,5
2006-05-06,2006-5-6,3.935,2006,5,6
2006-05-07,2006-5-7,16.2,2006,5,7
2006-05-08,2006-5-8,4.72,2006,5,8
2006-05-09,2006-5-9,15.935,2006,5,9
2006-07-24,2006-7-24,0,2006,7,24
2006-07-25,2006-7-25,0,2006,7,25
2006-07-26,2006-7-26,4.735,2006,7,26
2006-07-27,2006-7-27,7.435,2006,7,27
2006-07-28,2006-7-28,10.705,2006,7,28
2006-07-29,2006-7-29,21.235,2006,7,29
2006-07-30,2006-7-30,15.9,2006,7,30
2006-07-31,2006-7-31,8.8,2006,7,31
2006-08-01,2006-8-1,7.1,2006,8,1
2006-08-10,2006-8-10,1.77,2006,8,10
2006-08-11,2006-8-11,0.635,2006,8,11
2006-08-12,2006-8-12,3.035,2006,8,12
2006-08-13,2006-8-13,10.7,2006,8,13
2006-08-14,2006-8-14,8.3,2006,8,14
2006-08-15,2006-8-15,4.4,2006,8,15
2006-08-16,2006-8-16,10.37,2006,8,16
2006-08-17,2006-8-17,23.775,2006,8,17
2006-08-18,2006-8-18,4.97,2006,8,18
2006-08-19,2006-8-19,2.37,2006,8,19
2006-08-02,2006-8-2,9.7,2006,8,2
2006-08-20,2006-8-20,13.735,2006,8,20
2006-08-21,2006-8-21,16.85,2006,8,21
2006-08-22,2006-8-22,0.9,2006,8,22
2006-08-23,2006-8-23,1.235,2006,8,23
2006-08-24,2006-8-24,0.7,2006,8,24
2006-08-25,2006-8-25,1.605,2006,8,25
2006-08-26,2006-8-26,1.535,2006,8,26
2006-08-27,2006-8-27,0.8,2006,8,27
2006-08-28,2006-8-28,0.805,2006,8,28
2006-08-29,2006-8-29,1.47,2006,8,29
2006-08-03,2006-8-3,9.14,2006,8,3
2006-08-30,2006-8-30,1.5,2006,8,30
2006-08-31,2006-8-31,0.8,2006,8,31
2006-08-04,2006-8-4,4.87,2006,8,4
2006-08-05,2006-8-5,4.27,2006,8,5
2006-08-06,2006-8-6,3.67,2006,8,6
2006-08-07,2006-8-7,3.4,2006,8,7
2006-08-08,2006-8-8,1.005,2006,8,8
2006-08-09,2006-8-9,0.7,2006,8,9
2006-09-01,2006-9-1,1.4,2006,9,1
2006-09-10,2006-9-10,11.035,2006,9,10
2006-09-11,2006-9-11,3.635,2006,9,11
2006-09-12,2006-9-12,7.105,2006,9,12
2006-09-13,2006-9-13,2.305,2006,9,13
2006-09-14,2006-9-14,2.135,2006,9,14
2006-09-15,2006-9-15,2.77,2006,9,15
2006-09-16,2006-9-16,10.07,2006,9,16
2006-09-17,2006-9-17,7.47,2006,9,17
2006-09-18,2006-9-18,14.2,2006,9,18
2006-09-19,2006-9-19,7.135,2006,9,19
2006-09-02,2006-9-2,0.935,2006,9,2
2006-09-20,2006-9-20,6.805,2006,9,20
2006-09-21,2006-9-21,3.735,2006,9,21
2006-09-22,2006-9-22,11.5,2006,9,22
2006-09-23,2006-9-23,2.94,2006,9,23
2006-09-24,2006-9-24,2.57,2006,9,24
2006-09-25,2006-9-25,11.705,2006,9,25
2006-09-26,2006-9-26,19.735,2006,9,26
2006-09-27,2006-9-27,17.46,2006,9,27
2006-09-28,2006-9-28,11.805,2006,9,28
2006-09-29,2006-9-29,7.535,2006,9,29
2006-09-03,2006-9-3,1.235,2006,9,3
2006-09-30,2006-9-30,4.57,2006,9,30
2006-09-04,2006-9-4,8.7,2006,9,4
2006-09-05,2006-9-5,2.1,2006,9,5
2006-09-06,2006-9-6,2.735,2006,9,6
2006-09-07,2006-9-7,9.87,2006,9,7
2006-09-08,2006-9-8,6.705,2006,9,8
2006-09-09,2006-9-9,8.27,2006,9,9
2007-01-01,2007-1-1,1869.325,2007,1,1
2007-01-10,2007-1-10,77.235,2007,1,10
2007-01-11,2007-1-11,110.17,2007,1,11
2007-01-12,2007-1-12,256.935,2007,1,12
2007-01-13,2007-1-13,314.65,2007,1,13
2007-01-14,2007-1-14,152.32,2007,1,14
2007-01-15,2007-1-15,50.015,2007,1,15
2007-01-16,2007-1-16,96.28,2007,1,16
2007-01-17,2007-1-17,792.245,2007,1,17
2007-01-19,2007-1-19,358.46,2007,1,19
2007-01-02,2007-1-2,1529.31,2007,1,2
2007-01-20,2007-1-20,47.305,2007,1,20
2007-01-21,2007-1-21,31.135,2007,1,21
2007-01-22,2007-1-22,188.505,2007,1,22
2007-01-23,2007-1-23,185.685,2007,1,23
2007-01-24,2007-1-24,35.335,2007,1,24
2007-01-25,2007-1-25,9.67,2007,1,25
2007-01-26,2007-1-26,5.58,2007,1,26
2007-01-27,2007-1-27,15.81,2007,1,27
2007-01-28,2007-1-28,35.435,2007,1,28
2007-01-29,2007-1-29,16.77,2007,1,29
2007-01-03,2007-1-3,626.645,2007,1,3
2007-01-30,2007-1-30,120.305,2007,1,30
2007-01-31,2007-1-31,280.05,2007,1,31
2007-01-04,2007-1-4,244.105,2007,1,4
2007-01-05,2007-1-5,222.5,2007,1,5
2007-01-06,2007-1-6,903.595,2007,1,6
2007-01-07,2007-1-7,256.36,2007,1,7
2007-01-08,2007-1-8,168.36,2007,1,8
2007-01-09,2007-1-9,123.21,2007,1,9
2007-10-01,2007-10-1,36.785,2007,10,1
2007-10-10,2007-10-10,27.935,2007,10,10
2007-10-11,2007-10-11,14.91,2007,10,11
2007-10-12,2007-10-12,11.805,2007,10,12
2007-10-13,2007-10-13,82.88,2007,10,13
2007-10-14,2007-10-14,136.65,2007,10,14
2007-10-15,2007-10-15,116.25,2007,10,15
2007-10-16,2007-10-16,172.085,2007,10,16
2007-10-17,2007-10-17,65.9,2007,10,17
2007-10-18,2007-10-18,55.915,2007,10,18
2007-10-19,2007-10-19,44.41,2007,10,19
2007-10-02,2007-10-2,70.57,2007,10,2
2007-10-20,2007-10-20,34.7,2007,10,20
2007-10-21,2007-10-21,19.015,2007,10,21
2007-10-22,2007-10-22,19.83,2007,10,22
2007-10-23,2007-10-23,24.04,2007,10,23
2007-10-24,2007-10-24,23.355,2007,10,24
2007-10-25,2007-10-25,27,2007,10,25
2007-10-26,2007-10-26,30.805,2007,10,26
2007-10-27,2007-10-27,34.805,2007,10,27
2007-10-28,2007-10-28,21.34,2007,10,28
2007-10-29,2007-10-29,56.035,2007,10,29
2007-10-03,2007-10-3,112.555,2007,10,3
2007-10-30,2007-10-30,53.305,2007,10,30
2007-10-31,2007-10-31,88.68,2007,10,31
2007-10-04,2007-10-4,57.6,2007,10,4
2007-10-05,2007-10-5,22.905,2007,10,5
2007-10-06,2007-10-6,20.505,2007,10,6
2007-10-07,2007-10-7,20.47,2007,10,7
2007-10-08,2007-10-8,10.77,2007,10,8
2007-10-09,2007-10-9,25.215,2007,10,9
2007-11-01,2007-11-1,84.24,2007,11,1
2007-11-10,2007-11-10,95.735,2007,11,10
2007-11-11,2007-11-11,98.07,2007,11,11
2007-11-12,2007-11-12,42.405,2007,11,12
2007-11-13,2007-11-13,64.075,2007,11,13
2007-11-14,2007-11-14,155.175,2007,11,14
2007-11-15,2007-11-15,372.34,2007,11,15
2007-11-16,2007-11-16,195.235,2007,11,16
2007-11-17,2007-11-17,78.905,2007,11,17
2007-11-18,2007-11-18,30.635,2007,11,18
2007-11-19,2007-11-19,27.675,2007,11,19
2007-11-02,2007-11-2,68.675,2007,11,2
2007-11-20,2007-11-20,25.37,2007,11,20
2007-11-21,2007-11-21,47.035,2007,11,21
2007-11-22,2007-11-22,38.87,2007,11,22
2007-11-23,2007-11-23,42.335,2007,11,23
2007-11-24,2007-11-24,93.775,2007,11,24
2007-11-25,2007-11-25,75.7,2007,11,25
2007-11-26,2007-11-26,54.135,2007,11,26
2007-11-27,2007-11-27,84.835,2007,11,27
2007-11-28,2007-11-28,90.56,2007,11,28
2007-11-29,2007-11-29,93.835,2007,11,29
2007-11-03,2007-11-3,36.475,2007,11,3
2007-11-30,2007-11-30,86.705,2007,11,30
2007-11-04,2007-11-4,27.48,2007,11,4
2007-11-05,2007-11-5,42.745,2007,11,5
2007-11-06,2007-11-6,45.705,2007,11,6
2007-11-07,2007-11-7,46.84,2007,11,7
2007-11-08,2007-11-8,80.27,2007,11,8
2007-11-09,2007-11-9,75.84,2007,11,9
2007-12-01,2007-12-1,42.835,2007,12,1
2007-12-10,2007-12-10,50.67,2007,12,10
2007-12-11,2007-12-11,33.135,2007,12,11
2007-12-12,2007-12-12,28.005,2007,12,12
2007-12-13,2007-12-13,28.935,2007,12,13
2007-12-14,2007-12-14,31.44,2007,12,14
2007-12-15,2007-12-15,36.935,2007,12,15
2007-12-16,2007-12-16,42.63,2007,12,16
2007-12-17,2007-12-17,25.87,2007,12,17
2007-12-18,2007-12-18,28.44,2007,12,18
2007-12-19,2007-12-19,29.8,2007,12,19
2007-12-02,2007-12-2,38.57,2007,12,2
2007-12-20,2007-12-20,46.655,2007,12,20
2007-12-21,2007-12-21,227.9,2007,12,21
2007-12-22,2007-12-22,516.24,2007,12,22
2007-12-23,2007-12-23,397.365,2007,12,23
2007-12-24,2007-12-24,278.905,2007,12,24
2007-12-25,2007-12-25,319.235,2007,12,25
2007-12-26,2007-12-26,367.7,2007,12,26
2007-12-27,2007-12-27,190.445,2007,12,27
2007-12-28,2007-12-28,140.59,2007,12,28
2007-12-29,2007-12-29,87.105,2007,12,29
2007-12-03,2007-12-3,69.305,2007,12,3
2007-12-30,2007-12-30,57.935,2007,12,30
2007-12-31,2007-12-31,45.84,2007,12,31
2007-12-04,2007-12-4,156.035,2007,12,4
2007-12-05,2007-12-5,171.28,2007,12,5
2007-12-06,2007-12-6,107.08,2007,12,6
2007-12-07,2007-12-7,90.105,2007,12,7
2007-12-08,2007-12-8,131.005,2007,12,8
2007-12-09,2007-12-9,60.07,2007,12,9
2007-02-01,2007-2-1,115.565,2007,2,1
2007-02-10,2007-2-10,44.605,2007,2,10
2007-02-11,2007-2-11,41.45,2007,2,11
2007-02-12,2007-2-12,80.995,2007,2,12
2007-02-13,2007-2-13,111.77,2007,2,13
2007-02-14,2007-2-14,85.815,2007,2,14
2007-02-15,2007-2-15,109.89,2007,2,15
2007-02-16,2007-2-16,88.085,2007,2,16
2007-02-17,2007-2-17,90.95,2007,2,17
2007-02-18,2007-2-18,30.295,2007,2,18
2007-02-19,2007-2-19,34.015,2007,2,19
2007-02-02,2007-2-2,21.84,2007,2,2
2007-02-20,2007-2-20,71.88,2007,2,20
2007-02-21,2007-2-21,51.78,2007,2,21
2007-02-22,2007-2-22,52.015,2007,2,22
2007-02-23,2007-2-23,299.945,2007,2,23
2007-02-26,2007-2-26,69.015,2007,2,26
2007-02-27,2007-2-27,65.015,2007,2,27
2007-02-28,2007-2-28,48.975,2007,2,28
2007-02-03,2007-2-3,13.045,2007,2,3
2007-02-04,2007-2-4,50.4,2007,2,4
2007-02-05,2007-2-5,56.98,2007,2,5
2007-02-06,2007-2-6,101.935,2007,2,6
2007-02-07,2007-2-7,76.71,2007,2,7
2007-02-08,2007-2-8,62.435,2007,2,8
2007-02-09,2007-2-9,62.535,2007,2,9
2007-03-01,2007-3-1,142.015,2007,3,1
2007-03-10,2007-3-10,433.89,2007,3,10
2007-03-11,2007-3-11,314.535,2007,3,11
2007-03-12,2007-3-12,300.9,2007,3,12
2007-03-13,2007-3-13,286.68,2007,3,13
2007-03-14,2007-3-14,192.335,2007,3,14
2007-03-15,2007-3-15,265.42,2007,3,15
2007-03-16,2007-3-16,136.505,2007,3,16
2007-03-17,2007-3-17,257.96,2007,3,17
2007-03-18,2007-3-18,325.905,2007,3,18
2007-03-19,2007-3-19,427.905,2007,3,19
2007-03-02,2007-3-2,322.805,2007,3,2
2007-03-20,2007-3-20,121.92,2007,3,20
2007-03-21,2007-3-21,100.105,2007,3,21
2007-03-22,2007-3-22,85.405,2007,3,22
2007-03-23,2007-3-23,81.77,2007,3,23
2007-03-24,2007-3-24,73.54,2007,3,24
2007-03-25,2007-3-25,25.45,2007,3,25
2007-03-26,2007-3-26,89.325,2007,3,26
2007-03-03,2007-3-3,261.52,2007,3,3
2007-03-04,2007-3-4,153.87,2007,3,4
2007-03-05,2007-3-5,107.97,2007,3,5
2007-03-06,2007-3-6,67.205,2007,3,6
2007-03-07,2007-3-7,27.405,2007,3,7
2007-03-08,2007-3-8,14.505,2007,3,8
2007-03-09,2007-3-9,6.71,2007,3,9
2007-04-18,2007-4-18,52.355,2007,4,18
2007-04-19,2007-4-19,32.435,2007,4,19
2007-04-20,2007-4-20,20.035,2007,4,20
2007-04-21,2007-4-21,26.125,2007,4,21
2007-04-22,2007-4-22,11.125,2007,4,22
2007-04-23,2007-4-23,27.5,2007,4,23
2007-04-24,2007-4-24,29.825,2007,4,24
2007-04-25,2007-4-25,25.245,2007,4,25
2007-04-26,2007-4-26,44.67,2007,4,26
2007-04-27,2007-4-27,26.305,2007,4,27
2007-04-28,2007-4-28,18,2007,4,28
2007-04-29,2007-4-29,31.8,2007,4,29
2007-04-30,2007-4-30,18.835,2007,4,30
2007-05-01,2007-5-1,24.5,2007,5,1
2007-05-10,2007-5-10,77.835,2007,5,10
2007-05-11,2007-5-11,1082.22,2007,5,11
2007-05-12,2007-5-12,78.045,2007,5,12
2007-05-13,2007-5-13,65.605,2007,5,13
2007-05-14,2007-5-14,20.35,2007,5,14
2007-05-15,2007-5-15,11.135,2007,5,15
2007-05-16,2007-5-16,31.225,2007,5,16
2007-05-17,2007-5-17,40.915,2007,5,17
2007-05-18,2007-5-18,11.01,2007,5,18
2007-05-19,2007-5-19,20.815,2007,5,19
2007-05-02,2007-5-2,21.51,2007,5,2
2007-05-20,2007-5-20,10.99,2007,5,20
2007-05-21,2007-5-21,26.155,2007,5,21
2007-05-22,2007-5-22,18.7,2007,5,22
2007-05-23,2007-5-23,6.35,2007,5,23
2007-05-24,2007-5-24,4.34,2007,5,24
2007-05-25,2007-5-25,19.325,2007,5,25
2007-05-26,2007-5-26,4.5,2007,5,26
2007-05-27,2007-5-27,5.87,2007,5,27
2007-05-28,2007-5-28,53.26,2007,5,28
2007-05-29,2007-5-29,11.675,2007,5,29
2007-05-03,2007-5-3,40.79,2007,5,3
2007-05-04,2007-5-4,29.005,2007,5,4
2007-05-05,2007-5-5,29.405,2007,5,5
2007-05-06,2007-5-6,27.735,2007,5,6
2007-05-07,2007-5-7,6.505,2007,5,7
2007-05-08,2007-5-8,7.935,2007,5,8
2007-05-09,2007-5-9,129.94,2007,5,9
2007-07-01,2007-7-1,0,2007,7,1
2007-07-10,2007-7-10,13.405,2007,7,10
2007-07-11,2007-7-11,44.01,2007,7,11
2007-07-12,2007-7-12,35.765,2007,7,12
2007-07-13,2007-7-13,3.1,2007,7,13
2007-07-14,2007-7-14,4.435,2007,7,14
2007-07-15,2007-7-15,1.135,2007,7,15
2007-07-16,2007-7-16,3.9,2007,7,16
2007-07-17,2007-7-17,3.14,2007,7,17
2007-07-18,2007-7-18,2.575,2007,7,18
2007-07-19,2007-7-19,7.7,2007,7,19
2007-07-02,2007-7-2,11.4,2007,7,2
2007-07-20,2007-7-20,2.985,2007,7,20
2007-07-21,2007-7-21,2.57,2007,7,21
2007-07-22,2007-7-22,1.1,2007,7,22
2007-07-23,2007-7-23,1.735,2007,7,23
2007-07-24,2007-7-24,4.035,2007,7,24
2007-07-25,2007-7-25,2.2,2007,7,25
2007-07-26,2007-7-26,1.675,2007,7,26
2007-07-27,2007-7-27,1.435,2007,7,27
2007-07-28,2007-7-28,0.9,2007,7,28
2007-07-29,2007-7-29,1.035,2007,7,29
2007-07-03,2007-7-3,15.67,2007,7,3
2007-07-30,2007-7-30,0.935,2007,7,30
2007-07-31,2007-7-31,0.4,2007,7,31
2007-07-04,2007-7-4,19.97,2007,7,4
2007-07-05,2007-7-5,31.5,2007,7,5
2007-07-06,2007-7-6,27.375,2007,7,6
2007-07-07,2007-7-7,18.5,2007,7,7
2007-07-08,2007-7-8,33.115,2007,7,8
2007-07-09,2007-7-9,31.635,2007,7,9
2007-08-01,2007-8-1,2.775,2007,8,1
2007-08-10,2007-8-10,4.405,2007,8,10
2007-08-11,2007-8-11,2.57,2007,8,11
2007-08-12,2007-8-12,4.8,2007,8,12
2007-08-13,2007-8-13,0.735,2007,8,13
2007-08-14,2007-8-14,0.4,2007,8,14
2007-08-15,2007-8-15,0.55,2007,8,15
2007-08-16,2007-8-16,1.435,2007,8,16
2007-08-17,2007-8-17,4.405,2007,8,17
2007-08-18,2007-8-18,11.9,2007,8,18
2007-08-19,2007-8-19,7.705,2007,8,19
2007-08-02,2007-8-2,2.635,2007,8,2
2007-08-20,2007-8-20,3.835,2007,8,20
2007-08-21,2007-8-21,4.935,2007,8,21
2007-08-22,2007-8-22,2.61,2007,8,22
2007-08-23,2007-8-23,2,2007,8,23
2007-08-24,2007-8-24,0.8,2007,8,24
2007-08-25,2007-8-25,0.835,2007,8,25
2007-08-26,2007-8-26,1.2,2007,8,26
2007-08-27,2007-8-27,0.2,2007,8,27
2007-08-28,2007-8-28,0.4,2007,8,28
2007-08-29,2007-8-29,0.7,2007,8,29
2007-08-03,2007-8-3,13.3,2007,8,3
2007-08-30,2007-8-30,0.7,2007,8,30
2007-08-31,2007-8-31,1.9,2007,8,31
2007-08-04,2007-8-4,9.07,2007,8,4
2007-08-05,2007-8-5,12.9,2007,8,5
2007-08-06,2007-8-6,7.94,2007,8,6
2007-08-07,2007-8-7,3.2,2007,8,7
2007-08-08,2007-8-8,13.7,2007,8,8
2007-08-09,2007-8-9,6.37,2007,8,9
2007-09-01,2007-9-1,4.97,2007,9,1
2007-09-10,2007-9-10,1.1,2007,9,10
2007-09-11,2007-9-11,2.235,2007,9,11
2007-09-12,2007-9-12,7.14,2007,9,12
2007-09-13,2007-9-13,15.135,2007,9,13
2007-09-14,2007-9-14,6.835,2007,9,14
2007-09-15,2007-9-15,10.105,2007,9,15
2007-09-16,2007-9-16,23.78,2007,9,16
2007-09-17,2007-9-17,15.835,2007,9,17
2007-09-18,2007-9-18,34.1,2007,9,18
2007-09-19,2007-9-19,7.015,2007,9,19
2007-09-02,2007-9-2,2.105,2007,9,2
2007-09-20,2007-9-20,19.835,2007,9,20
2007-09-21,2007-9-21,37.435,2007,9,21
2007-09-22,2007-9-22,15.835,2007,9,22
2007-09-23,2007-9-23,22.35,2007,9,23
2007-09-24,2007-9-24,38.2,2007,9,24
2007-09-25,2007-9-25,97.705,2007,9,25
2007-09-26,2007-9-26,6.835,2007,9,26
2007-09-27,2007-9-27,7.14,2007,9,27
2007-09-28,2007-9-28,5.32,2007,9,28
2007-09-29,2007-9-29,12.975,2007,9,29
2007-09-03,2007-9-3,2.435,2007,9,3
2007-09-30,2007-9-30,17.905,2007,9,30
2007-09-04,2007-9-4,17.27,2007,9,4
2007-09-05,2007-9-5,3.635,2007,9,5
2007-09-06,2007-9-6,0.935,2007,9,6
2007-09-07,2007-9-7,1.1,2007,9,7
2007-09-08,2007-9-8,2.47,2007,9,8
2007-09-09,2007-9-9,3.335,2007,9,9
2008-01-01,2008-1-1,9.975,2008,1,1
2008-01-10,2008-1-10,69.545,2008,1,10
2008-01-11,2008-1-11,103.835,2008,1,11
2008-01-12,2008-1-12,84.37,2008,1,12
2008-01-13,2008-1-13,83.035,2008,1,13
2008-01-14,2008-1-14,83.84,2008,1,14
2008-01-15,2008-1-15,56.21,2008,1,15
2008-01-16,2008-1-16,45.805,2008,1,16
2008-01-17,2008-1-17,33.87,2008,1,17
2008-01-18,2008-1-18,60.8,2008,1,18
2008-01-19,2008-1-19,76.175,2008,1,19
2008-01-02,2008-1-2,18.57,2008,1,2
2008-01-20,2008-1-20,64.775,2008,1,20
2008-01-21,2008-1-21,192.63,2008,1,21
2008-01-22,2008-1-22,174.8,2008,1,22
2008-01-23,2008-1-23,46.87,2008,1,23
2008-01-24,2008-1-24,38.34,2008,1,24
2008-01-25,2008-1-25,29.97,2008,1,25
2008-01-26,2008-1-26,58.87,2008,1,26
2008-01-27,2008-1-27,209.31,2008,1,27
2008-01-28,2008-1-28,102.805,2008,1,28
2008-01-29,2008-1-29,89.835,2008,1,29
2008-01-03,2008-1-3,43.925,2008,1,3
2008-01-30,2008-1-30,70.405,2008,1,30
2008-01-31,2008-1-31,78.97,2008,1,31
2008-01-04,2008-1-4,82.635,2008,1,4
2008-01-05,2008-1-5,66.07,2008,1,5
2008-01-06,2008-1-6,78.37,2008,1,6
2008-01-07,2008-1-7,75.53,2008,1,7
2008-01-08,2008-1-8,129.41,2008,1,8
2008-01-09,2008-1-9,51.5,2008,1,9
2008-10-01,2008-10-1,4.035,2008,10,1
2008-10-10,2008-10-10,13.135,2008,10,10
2008-10-11,2008-10-11,13.71,2008,10,11
2008-10-12,2008-10-12,4.335,2008,10,12
2008-10-13,2008-10-13,11.3,2008,10,13
2008-10-14,2008-10-14,163.33,2008,10,14
2008-10-15,2008-10-15,146.235,2008,10,15
2008-10-16,2008-10-16,95.24,2008,10,16
2008-10-17,2008-10-17,82.65,2008,10,17
2008-10-18,2008-10-18,147.535,2008,10,18
2008-10-19,2008-10-19,74.565,2008,10,19
2008-10-02,2008-10-2,7.6,2008,10,2
2008-10-20,2008-10-20,28.57,2008,10,20
2008-10-21,2008-10-21,16.9,2008,10,21
2008-10-22,2008-10-22,10.61,2008,10,22
2008-10-23,2008-10-23,12.335,2008,10,23
2008-10-24,2008-10-24,75.77,2008,10,24
2008-10-25,2008-10-25,77.1,2008,10,25
2008-10-26,2008-10-26,118.21,2008,10,26
2008-10-27,2008-10-27,107.28,2008,10,27
2008-10-28,2008-10-28,20.905,2008,10,28
2008-10-29,2008-10-29,46.71,2008,10,29
2008-10-03,2008-10-3,11.98,2008,10,3
2008-10-30,2008-10-30,114.94,2008,10,30
2008-10-31,2008-10-31,92.615,2008,10,31
2008-10-04,2008-10-4,15.24,2008,10,4
2008-10-05,2008-10-5,14.735,2008,10,5
2008-10-06,2008-10-6,40.535,2008,10,6
2008-10-07,2008-10-7,66.72,2008,10,7
2008-10-08,2008-10-8,34.94,2008,10,8
2008-10-09,2008-10-9,13.77,2008,10,9
2008-11-01,2008-11-1,132.22,2008,11,1
2008-11-10,2008-11-10,11.35,2008,11,10
2008-11-11,2008-11-11,72.17,2008,11,11
2008-11-12,2008-11-12,51.805,2008,11,12
2008-11-13,2008-11-13,55.405,2008,11,13
2008-11-14,2008-11-14,57.035,2008,11,14
2008-11-15,2008-11-15,121.075,2008,11,15
2008-11-16,2008-11-16,54.87,2008,11,16
2008-11-17,2008-11-17,13.81,2008,11,17
2008-11-18,2008-11-18,22.4,2008,11,18
2008-11-19,2008-11-19,14.935,2008,11,19
2008-11-02,2008-11-2,132.04,2008,11,2
2008-11-20,2008-11-20,33.535,2008,11,20
2008-11-21,2008-11-21,29.04,2008,11,21
2008-11-22,2008-11-22,26.07,2008,11,22
2008-11-23,2008-11-23,29.735,2008,11,23
2008-11-24,2008-11-24,22.875,2008,11,24
2008-11-25,2008-11-25,22.5,2008,11,25
2008-11-26,2008-11-26,22.435,2008,11,26
2008-11-27,2008-11-27,19.735,2008,11,27
2008-11-28,2008-11-28,19.105,2008,11,28
2008-11-29,2008-11-29,19.77,2008,11,29
2008-11-03,2008-11-3,182.48,2008,11,3
2008-11-30,2008-11-30,30.6,2008,11,30
2008-11-04,2008-11-4,204.1,2008,11,4
2008-11-05,2008-11-5,157.255,2008,11,5
2008-11-06,2008-11-6,103.68,2008,11,6
2008-11-07,2008-11-7,84.71,2008,11,7
2008-11-08,2008-11-8,34.165,2008,11,8
2008-11-09,2008-11-9,19.34,2008,11,9
2008-12-01,2008-12-1,28.095,2008,12,1
2008-12-10,2008-12-10,51.075,2008,12,10
2008-12-11,2008-12-11,54.645,2008,12,11
2008-12-12,2008-12-12,60.035,2008,12,12
2008-12-13,2008-12-13,37.635,2008,12,13
2008-12-14,2008-12-14,30.57,2008,12,14
2008-12-15,2008-12-15,38.605,2008,12,15
2008-12-16,2008-12-16,56.5,2008,12,16
2008-12-17,2008-12-17,61.8,2008,12,17
2008-12-18,2008-12-18,81,2008,12,18
2008-12-19,2008-12-19,109.935,2008,12,19
2008-12-02,2008-12-2,38.5,2008,12,2
2008-12-20,2008-12-20,120.28,2008,12,20
2008-12-21,2008-12-21,92.17,2008,12,21
2008-12-22,2008-12-22,131.115,2008,12,22
2008-12-23,2008-12-23,148.905,2008,12,23
2008-12-24,2008-12-24,144.635,2008,12,24
2008-12-25,2008-12-25,178.885,2008,12,25
2008-12-26,2008-12-26,216.46,2008,12,26
2008-12-27,2008-12-27,77.235,2008,12,27
2008-12-28,2008-12-28,23.305,2008,12,28
2008-12-29,2008-12-29,40.425,2008,12,29
2008-12-03,2008-12-3,32.935,2008,12,3
2008-12-30,2008-12-30,51.955,2008,12,30
2008-12-31,2008-12-31,14.59,2008,12,31
2008-12-04,2008-12-4,36.575,2008,12,4
2008-12-05,2008-12-5,58.485,2008,12,5
2008-12-06,2008-12-6,8.9,2008,12,6
2008-12-07,2008-12-7,22.87,2008,12,7
2008-12-08,2008-12-8,119.19,2008,12,8
2008-12-09,2008-12-9,63.225,2008,12,9
2008-02-01,2008-2-1,354.12,2008,2,1
2008-02-10,2008-2-10,61.34,2008,2,10
2008-02-11,2008-2-11,23.935,2008,2,11
2008-02-12,2008-2-12,33.035,2008,2,12
2008-02-13,2008-2-13,58.435,2008,2,13
2008-02-14,2008-2-14,122.835,2008,2,14
2008-02-15,2008-2-15,506.735,2008,2,15
2008-02-16,2008-2-16,458.545,2008,2,16
2008-02-17,2008-2-17,46.515,2008,2,17
2008-02-18,2008-2-18,45.635,2008,2,18
2008-02-19,2008-2-19,386.4,2008,2,19
2008-02-02,2008-2-2,402.24,2008,2,2
2008-02-20,2008-2-20,947.1,2008,2,20
2008-02-21,2008-2-21,588.41,2008,2,21
2008-02-22,2008-2-22,313.72,2008,2,22
2008-02-23,2008-2-23,72.77,2008,2,23
2008-02-24,2008-2-24,48.64,2008,2,24
2008-02-25,2008-2-25,53.895,2008,2,25
2008-02-26,2008-2-26,103.105,2008,2,26
2008-02-27,2008-2-27,452.445,2008,2,27
2008-02-28,2008-2-28,260.73,2008,2,28
2008-02-29,2008-2-29,144.205,2008,2,29
2008-02-03,2008-2-3,161.175,2008,2,3
2008-02-04,2008-2-4,85.735,2008,2,4
2008-02-05,2008-2-5,36.5,2008,2,5
2008-02-06,2008-2-6,31.235,2008,2,6
2008-02-07,2008-2-7,49.57,2008,2,7
2008-02-08,2008-2-8,69.475,2008,2,8
2008-02-09,2008-2-9,74.875,2008,2,9
2008-03-01,2008-3-1,101.105,2008,3,1
2008-03-10,2008-3-10,38.8,2008,3,10
2008-03-11,2008-3-11,104.635,2008,3,11
2008-03-12,2008-3-12,87.5,2008,3,12
2008-03-13,2008-3-13,71.35,2008,3,13
2008-03-14,2008-3-14,60.435,2008,3,14
2008-03-15,2008-3-15,130.9,2008,3,15
2008-03-16,2008-3-16,17.64,2008,3,16
2008-03-17,2008-3-17,29.235,2008,3,17
2008-03-18,2008-3-18,23.285,2008,3,18
2008-03-19,2008-3-19,25.645,2008,3,19
2008-03-02,2008-3-2,95.25,2008,3,2
2008-03-20,2008-3-20,29.935,2008,3,20
2008-03-21,2008-3-21,12.665,2008,3,21
2008-03-22,2008-3-22,32.805,2008,3,22
2008-03-23,2008-3-23,35.535,2008,3,23
2008-03-24,2008-3-24,23.835,2008,3,24
2008-03-25,2008-3-25,16.8,2008,3,25
2008-03-26,2008-3-26,18.27,2008,3,26
2008-03-27,2008-3-27,63.94,2008,3,27
2008-03-28,2008-3-28,47.47,2008,3,28
2008-03-29,2008-3-29,39.47,2008,3,29
2008-03-03,2008-3-3,110.82,2008,3,3
2008-03-30,2008-3-30,56.435,2008,3,30
2008-03-31,2008-3-31,176.905,2008,3,31
2008-03-04,2008-3-4,131.535,2008,3,4
2008-03-05,2008-3-5,120.265,2008,3,5
2008-03-06,2008-3-6,70.755,2008,3,6
2008-03-07,2008-3-7,53.615,2008,3,7
2008-03-08,2008-3-8,45.115,2008,3,8
2008-03-09,2008-3-9,18.58,2008,3,9
2008-04-01,2008-4-1,89.475,2008,4,1
2008-04-10,2008-4-10,192.825,2008,4,10
2008-04-11,2008-4-11,358.835,2008,4,11
2008-04-12,2008-4-12,322.535,2008,4,12
2008-04-13,2008-4-13,227.635,2008,4,13
2008-04-14,2008-4-14,146.24,2008,4,14
2008-04-15,2008-4-15,59.575,2008,4,15
2008-04-16,2008-4-16,35.165,2008,4,16
2008-04-17,2008-4-17,44.155,2008,4,17
2008-04-18,2008-4-18,85.685,2008,4,18
2008-04-19,2008-4-19,47.2,2008,4,19
2008-04-02,2008-4-2,264.335,2008,4,2
2008-04-20,2008-4-20,235.69,2008,4,20
2008-04-21,2008-4-21,53.26,2008,4,21
2008-04-22,2008-4-22,45.38,2008,4,22
2008-04-23,2008-4-23,90.335,2008,4,23
2008-04-24,2008-4-24,37.7,2008,4,24
2008-04-25,2008-4-25,31.105,2008,4,25
2008-04-26,2008-4-26,37.44,2008,4,26
2008-04-27,2008-4-27,25.78,2008,4,27
2008-04-28,2008-4-28,129.005,2008,4,28
2008-04-29,2008-4-29,46.885,2008,4,29
2008-04-03,2008-4-3,136.27,2008,4,3
2008-04-30,2008-4-30,127.59,2008,4,30
2008-04-04,2008-4-4,86.01,2008,4,4
2008-04-05,2008-4-5,107.375,2008,4,5
2008-04-06,2008-4-6,63.335,2008,4,6
2008-04-07,2008-4-7,61.11,2008,4,7
2008-04-08,2008-4-8,102.86,2008,4,8
2008-04-09,2008-4-9,66.935,2008,4,9
2008-05-01,2008-5-1,107.975,2008,5,1
2008-05-10,2008-5-10,2.105,2008,5,10
2008-05-11,2008-5-11,5.14,2008,5,11
2008-05-12,2008-5-12,36.84,2008,5,12
2008-05-13,2008-5-13,34.97,2008,5,13
2008-05-14,2008-5-14,5.685,2008,5,14
2008-05-15,2008-5-15,23.04,2008,5,15
2008-05-16,2008-5-16,32.335,2008,5,16
2008-05-17,2008-5-17,13.71,2008,5,17
2008-05-18,2008-5-18,12.205,2008,5,18
2008-05-19,2008-5-19,13.28,2008,5,19
2008-05-02,2008-5-2,129.035,2008,5,2
2008-05-20,2008-5-20,18.145,2008,5,20
2008-05-21,2008-5-21,6.145,2008,5,21
2008-05-22,2008-5-22,13.635,2008,5,22
2008-05-23,2008-5-23,48.06,2008,5,23
2008-05-24,2008-5-24,21.95,2008,5,24
2008-05-25,2008-5-25,3.67,2008,5,25
2008-05-26,2008-5-26,7.07,2008,5,26
2008-05-27,2008-5-27,17.935,2008,5,27
2008-05-28,2008-5-28,31.235,2008,5,28
2008-05-29,2008-5-29,15.77,2008,5,29
2008-05-03,2008-5-3,93.09,2008,5,3
2008-05-30,2008-5-30,4.9,2008,5,30
2008-05-31,2008-5-31,6.14,2008,5,31
2008-05-04,2008-5-4,8.755,2008,5,4
2008-05-05,2008-5-5,44.035,2008,5,5
2008-05-06,2008-5-6,51.145,2008,5,6
2008-05-07,2008-5-7,47.995,2008,5,7
2008-05-08,2008-5-8,66.715,2008,5,8
2008-05-09,2008-5-9,25.82,2008,5,9
2008-06-01,2008-6-1,6.705,2008,6,1
2008-06-10,2008-6-10,12.47,2008,6,10
2008-06-11,2008-6-11,9.65,2008,6,11
2008-06-12,2008-6-12,29.735,2008,6,12
2008-06-13,2008-6-13,12.995,2008,6,13
2008-06-14,2008-6-14,8.935,2008,6,14
2008-06-15,2008-6-15,55.14,2008,6,15
2008-06-16,2008-6-16,30.87,2008,6,16
2008-06-17,2008-6-17,34.335,2008,6,17
2008-06-18,2008-6-18,17.77,2008,6,18
2008-06-19,2008-6-19,3.935,2008,6,19
2008-06-02,2008-6-2,16.07,2008,6,2
2008-06-20,2008-6-20,11.585,2008,6,20
2008-06-21,2008-6-21,17.7,2008,6,21
2008-06-22,2008-6-22,15.635,2008,6,22
2008-06-23,2008-6-23,7.535,2008,6,23
2008-06-24,2008-6-24,9.54,2008,6,24
2008-06-25,2008-6-25,0.845,2008,6,25
2008-06-26,2008-6-26,0.11,2008,6,26
2008-06-27,2008-6-27,3.7,2008,6,27
2008-06-28,2008-6-28,9.935,2008,6,28
2008-06-29,2008-6-29,10.1,2008,6,29
2008-06-03,2008-6-3,19.25,2008,6,3
2008-06-30,2008-6-30,2.07,2008,6,30
2008-06-04,2008-6-4,19.705,2008,6,4
2008-06-05,2008-6-5,14.5,2008,6,5
2008-06-06,2008-6-6,22.935,2008,6,6
2008-06-07,2008-6-7,23.1,2008,6,7
2008-06-08,2008-6-8,7.14,2008,6,8
2008-06-09,2008-6-9,11.475,2008,6,9
2008-07-01,2008-7-1,1.835,2008,7,1
2008-07-10,2008-7-10,3.77,2008,7,10
2008-07-11,2008-7-11,11.935,2008,7,11
2008-07-12,2008-7-12,8.635,2008,7,12
2008-07-13,2008-7-13,10.78,2008,7,13
2008-07-14,2008-7-14,23.835,2008,7,14
2008-07-15,2008-7-15,14.205,2008,7,15
2008-07-16,2008-7-16,17.7,2008,7,16
2008-07-17,2008-7-17,16.3,2008,7,17
2008-07-18,2008-7-18,11.045,2008,7,18
2008-07-19,2008-7-19,2.535,2008,7,19
2008-07-02,2008-7-2,1.2,2008,7,2
2008-07-20,2008-7-20,5.935,2008,7,20
2008-07-21,2008-7-21,10.035,2008,7,21
2008-07-22,2008-7-22,8.2,2008,7,22
2008-07-23,2008-7-23,0.97,2008,7,23
2008-07-24,2008-7-24,1.7,2008,7,24
2008-07-25,2008-7-25,1.8,2008,7,25
2008-07-26,2008-7-26,1.34,2008,7,26
2008-07-27,2008-7-27,2,2008,7,27
2008-07-28,2008-7-28,0.935,2008,7,28
2008-07-29,2008-7-29,3.3,2008,7,29
2008-07-03,2008-7-3,10.6,2008,7,3
2008-07-30,2008-7-30,5.535,2008,7,30
2008-07-31,2008-7-31,2.835,2008,7,31
2008-07-04,2008-7-4,13.835,2008,7,4
2008-07-05,2008-7-5,9.21,2008,7,5
2008-07-06,2008-7-6,20.8,2008,7,6
2008-07-07,2008-7-7,5.305,2008,7,7
2008-07-08,2008-7-8,8.135,2008,7,8
2008-07-09,2008-7-9,2.135,2008,7,9
2008-08-01,2008-8-1,10.7,2008,8,1
2008-08-10,2008-8-10,1.7,2008,8,10
2008-08-11,2008-8-11,6.635,2008,8,11
2008-08-12,2008-8-12,1.57,2008,8,12
2008-08-13,2008-8-13,1.5,2008,8,13
2008-08-14,2008-8-14,1.935,2008,8,14
2008-08-15,2008-8-15,1.735,2008,8,15
2008-08-16,2008-8-16,1.6,2008,8,16
2008-08-17,2008-8-17,3.435,2008,8,17
2008-08-18,2008-8-18,0.735,2008,8,18
2008-08-19,2008-8-19,0.7,2008,8,19
2008-08-02,2008-8-2,7.335,2008,8,2
2008-08-20,2008-8-20,0.6,2008,8,20
2008-08-21,2008-8-21,1.2,2008,8,21
2008-08-22,2008-8-22,1.305,2008,8,22
2008-08-23,2008-8-23,0.635,2008,8,23
2008-08-24,2008-8-24,1.2,2008,8,24
2008-08-25,2008-8-25,1.27,2008,8,25
2008-08-26,2008-8-26,0.9,2008,8,26
2008-08-27,2008-8-27,1.5,2008,8,27
2008-08-28,2008-8-28,1.505,2008,8,28
2008-08-29,2008-8-29,3.07,2008,8,29
2008-08-03,2008-8-3,8.435,2008,8,3
2008-08-30,2008-8-30,1.37,2008,8,30
2008-08-31,2008-8-31,1.3,2008,8,31
2008-08-04,2008-8-4,1.835,2008,8,4
2008-08-05,2008-8-5,1.335,2008,8,5
2008-08-06,2008-8-6,6.235,2008,8,6
2008-08-07,2008-8-7,6.335,2008,8,7
2008-08-08,2008-8-8,8.9,2008,8,8
2008-08-09,2008-8-9,1.8,2008,8,9
2008-09-01,2008-9-1,4.3,2008,9,1
2008-09-10,2008-9-10,10.205,2008,9,10
2008-09-11,2008-9-11,22.7,2008,9,11
2008-09-12,2008-9-12,1.035,2008,9,12
2008-09-13,2008-9-13,0.8,2008,9,13
2008-09-14,2008-9-14,0.635,2008,9,14
2008-09-15,2008-9-15,1.1,2008,9,15
2008-09-16,2008-9-16,0.67,2008,9,16
2008-09-17,2008-9-17,5.435,2008,9,17
2008-09-18,2008-9-18,18.8,2008,9,18
2008-09-19,2008-9-19,10.175,2008,9,19
2008-09-02,2008-9-2,8.475,2008,9,2
2008-09-20,2008-9-20,1.435,2008,9,20
2008-09-21,2008-9-21,10.57,2008,9,21
2008-09-22,2008-9-22,26.77,2008,9,22
2008-09-23,2008-9-23,40.87,2008,9,23
2008-09-24,2008-9-24,6.24,2008,9,24
2008-09-25,2008-9-25,8.505,2008,9,25
2008-09-26,2008-9-26,29.17,2008,9,26
2008-09-27,2008-9-27,20.11,2008,9,27
2008-09-28,2008-9-28,12.56,2008,9,28
2008-09-29,2008-9-29,19.175,2008,9,29
2008-09-03,2008-9-3,3.8,2008,9,3
2008-09-30,2008-9-30,12.335,2008,9,30
2008-09-04,2008-9-4,9.535,2008,9,4
2008-09-05,2008-9-5,4.67,2008,9,5
2008-09-06,2008-9-6,9.775,2008,9,6
2008-09-07,2008-9-7,23.705,2008,9,7
2008-09-08,2008-9-8,21.945,2008,9,8
2008-09-09,2008-9-9,7.47,2008,9,9
2009-01-01,2009-1-1,26.435,2009,1,1
2009-01-10,2009-1-10,48.47,2009,1,10
2009-01-11,2009-1-11,27.47,2009,1,11
2009-01-12,2009-1-12,16.54,2009,1,12
2009-01-13,2009-1-13,56.47,2009,1,13
2009-01-14,2009-1-14,35.3,2009,1,14
2009-01-15,2009-1-15,25.445,2009,1,15
2009-01-16,2009-1-16,59.94,2009,1,16
2009-01-17,2009-1-17,70.5,2009,1,17
2009-01-18,2009-1-18,84.405,2009,1,18
2009-01-19,2009-1-19,36.21,2009,1,19
2009-01-02,2009-1-2,57.6,2009,1,2
2009-01-20,2009-1-20,80.335,2009,1,20
2009-01-21,2009-1-21,64.975,2009,1,21
2009-01-22,2009-1-22,60.435,2009,1,22
2009-01-23,2009-1-23,107.22,2009,1,23
2009-01-24,2009-1-24,70.54,2009,1,24
2009-01-25,2009-1-25,89.785,2009,1,25
2009-01-26,2009-1-26,15.6,2009,1,26
2009-01-27,2009-1-27,11.935,2009,1,27
2009-01-28,2009-1-28,15.27,2009,1,28
2009-01-29,2009-1-29,18.13,2009,1,29
2009-01-03,2009-1-3,312.26,2009,1,3
2009-01-30,2009-1-30,20.91,2009,1,30
2009-01-31,2009-1-31,41.925,2009,1,31
2009-01-04,2009-1-4,164.105,2009,1,4
2009-01-05,2009-1-5,44.09,2009,1,5
2009-01-06,2009-1-6,23,2009,1,6
2009-01-07,2009-1-7,20.3,2009,1,7
2009-01-08,2009-1-8,31.825,2009,1,8
2009-01-09,2009-1-9,43.115,2009,1,9
2009-10-01,2009-10-1,7.4,2009,10,1
2009-10-10,2009-10-10,16.03,2009,10,10
2009-10-11,2009-10-11,24,2009,10,11
2009-10-12,2009-10-12,10.205,2009,10,12
2009-10-13,2009-10-13,19.205,2009,10,13
2009-10-14,2009-10-14,10.24,2009,10,14
2009-10-15,2009-10-15,6.735,2009,10,15
2009-10-16,2009-10-16,13.07,2009,10,16
2009-10-17,2009-10-17,27.8,2009,10,17
2009-10-18,2009-10-18,22.435,2009,10,18
2009-10-19,2009-10-19,14.905,2009,10,19
2009-10-02,2009-10-2,18.18,2009,10,2
2009-10-20,2009-10-20,22.535,2009,10,20
2009-10-21,2009-10-21,1.04,2009,10,21
2009-10-22,2009-10-22,3.81,2009,10,22
2009-10-23,2009-10-23,4.53,2009,10,23
2009-10-24,2009-10-24,12.2,2009,10,24
2009-10-25,2009-10-25,13.4,2009,10,25
2009-10-26,2009-10-26,14.6,2009,10,26
2009-10-27,2009-10-27,27.37,2009,10,27
2009-10-28,2009-10-28,17.13,2009,10,28
2009-10-29,2009-10-29,6.72,2009,10,29
2009-10-03,2009-10-3,51.375,2009,10,3
2009-10-30,2009-10-30,3.19,2009,10,30
2009-10-31,2009-10-31,8.6,2009,10,31
2009-10-04,2009-10-4,90.965,2009,10,4
2009-10-05,2009-10-5,31.325,2009,10,5
2009-10-06,2009-10-6,14.14,2009,10,6
2009-10-07,2009-10-7,33.13,2009,10,7
2009-10-08,2009-10-8,19.975,2009,10,8
2009-10-09,2009-10-9,15.34,2009,10,9
2009-11-01,2009-11-1,22.8,2009,11,1
2009-11-10,2009-11-10,17.535,2009,11,10
2009-11-11,2009-11-11,14.735,2009,11,11
2009-11-12,2009-11-12,9.37,2009,11,12
2009-11-13,2009-11-13,11.5,2009,11,13
2009-11-14,2009-11-14,29.71,2009,11,14
2009-11-15,2009-11-15,79.935,2009,11,15
2009-11-16,2009-11-16,195.53,2009,11,16
2009-11-17,2009-11-17,270.505,2009,11,17
2009-11-18,2009-11-18,470.575,2009,11,18
2009-11-19,2009-11-19,142.935,2009,11,19
2009-11-02,2009-11-2,14.9,2009,11,2
2009-11-20,2009-11-20,41.52,2009,11,20
2009-11-21,2009-11-21,79.19,2009,11,21
2009-11-22,2009-11-22,48.835,2009,11,22
2009-11-23,2009-11-23,47.535,2009,11,23
2009-11-24,2009-11-24,85.235,2009,11,24
2009-11-25,2009-11-25,54.7,2009,11,25
2009-11-26,2009-11-26,41,2009,11,26
2009-11-27,2009-11-27,50.9,2009,11,27
2009-11-28,2009-11-28,64.475,2009,11,28
2009-11-29,2009-11-29,173.68,2009,11,29
2009-11-03,2009-11-3,42.04,2009,11,3
2009-11-30,2009-11-30,144.38,2009,11,30
2009-11-04,2009-11-4,8.2,2009,11,4
2009-11-05,2009-11-5,20.5,2009,11,5
2009-11-06,2009-11-6,16.75,2009,11,6
2009-11-07,2009-11-7,9.21,2009,11,7
2009-11-08,2009-11-8,8.41,2009,11,8
2009-11-09,2009-11-9,11.4,2009,11,9
2009-12-10,2009-12-10,69.375,2009,12,10
2009-12-11,2009-12-11,25.545,2009,12,11
2009-12-12,2009-12-12,21.36,2009,12,12
2009-12-13,2009-12-13,35.08,2009,12,13
2009-12-14,2009-12-14,68.71,2009,12,14
2009-12-15,2009-12-15,33.35,2009,12,15
2009-12-16,2009-12-16,25.81,2009,12,16
2009-12-17,2009-12-17,24.07,2009,12,17
2009-12-18,2009-12-18,16.025,2009,12,18
2009-12-19,2009-12-19,52.67,2009,12,19
2009-12-02,2009-12-2,34.85,2009,12,2
2009-12-20,2009-12-20,58.6,2009,12,20
2009-12-21,2009-12-21,30.895,2009,12,21
2009-12-22,2009-12-22,31.935,2009,12,22
2009-12-23,2009-12-23,34.735,2009,12,23
2009-12-24,2009-12-24,193.35,2009,12,24
2009-12-25,2009-12-25,79.87,2009,12,25
2009-12-26,2009-12-26,41.875,2009,12,26
2009-12-27,2009-12-27,25.54,2009,12,27
2009-12-28,2009-12-28,9.39,2009,12,28
2009-12-29,2009-12-29,27.675,2009,12,29
2009-12-03,2009-12-3,24.53,2009,12,3
2009-12-30,2009-12-30,144.89,2009,12,30
2009-12-31,2009-12-31,78.305,2009,12,31
2009-12-04,2009-12-4,31.115,2009,12,4
2009-12-05,2009-12-5,33.9,2009,12,5
2009-12-06,2009-12-6,22.67,2009,12,6
2009-12-07,2009-12-7,25.1,2009,12,7
2009-12-08,2009-12-8,18.62,2009,12,8
2009-12-09,2009-12-9,27.87,2009,12,9
2009-02-01,2009-2-1,31.14,2009,2,1
2009-02-10,2009-2-10,81.4,2009,2,10
2009-02-11,2009-2-11,674.02,2009,2,11
2009-02-12,2009-2-12,1005.53,2009,2,12
2009-02-13,2009-2-13,358.035,2009,2,13
2009-02-14,2009-2-14,321.925,2009,2,14
2009-02-15,2009-2-15,110.54,2009,2,15
2009-02-16,2009-2-16,0,2009,2,16
2009-02-17,2009-2-17,0,2009,2,17
2009-02-18,2009-2-18,199.91,2009,2,18
2009-02-19,2009-2-19,193.535,2009,2,19
2009-02-02,2009-2-2,36.8,2009,2,2
2009-02-20,2009-2-20,98.975,2009,2,20
2009-02-21,2009-2-21,107.005,2009,2,21
2009-02-22,2009-2-22,104.535,2009,2,22
2009-02-23,2009-2-23,66.45,2009,2,23
2009-02-24,2009-2-24,68.57,2009,2,24
2009-02-25,2009-2-25,194.35,2009,2,25
2009-02-26,2009-2-26,146.655,2009,2,26
2009-02-27,2009-2-27,97.805,2009,2,27
2009-02-28,2009-2-28,329.97,2009,2,28
2009-02-03,2009-2-3,51.01,2009,2,3
2009-02-04,2009-2-4,79.635,2009,2,4
2009-02-05,2009-2-5,67.735,2009,2,5
2009-02-06,2009-2-6,37.6,2009,2,6
2009-02-07,2009-2-7,32.84,2009,2,7
2009-02-08,2009-2-8,83.62,2009,2,8
2009-02-09,2009-2-9,106.54,2009,2,9
2009-03-01,2009-3-1,376.25,2009,3,1
2009-03-10,2009-3-10,321.345,2009,3,10
2009-03-11,2009-3-11,336.015,2009,3,11
2009-03-12,2009-3-12,278.935,2009,3,12
2009-03-13,2009-3-13,122.82,2009,3,13
2009-03-14,2009-3-14,111.44,2009,3,14
2009-03-15,2009-3-15,185.055,2009,3,15
2009-03-16,2009-3-16,107.705,2009,3,16
2009-03-17,2009-3-17,101.405,2009,3,17
2009-03-18,2009-3-18,95.92,2009,3,18
2009-03-19,2009-3-19,49.345,2009,3,19
2009-03-02,2009-3-2,637.35,2009,3,2
2009-03-20,2009-3-20,80.27,2009,3,20
2009-03-21,2009-3-21,79.005,2009,3,21
2009-03-22,2009-3-22,73.04,2009,3,22
2009-03-23,2009-3-23,80.615,2009,3,23
2009-03-24,2009-3-24,94.84,2009,3,24
2009-03-25,2009-3-25,116.92,2009,3,25
2009-03-26,2009-3-26,137.425,2009,3,26
2009-03-27,2009-3-27,127.605,2009,3,27
2009-03-28,2009-3-28,278.545,2009,3,28
2009-03-29,2009-3-29,497.405,2009,3,29
2009-03-03,2009-3-3,310.04,2009,3,3
2009-03-30,2009-3-30,141.11,2009,3,30
2009-03-31,2009-3-31,548.12,2009,3,31
2009-03-04,2009-3-4,273.915,2009,3,4
2009-03-05,2009-3-5,176.38,2009,3,5
2009-03-06,2009-3-6,169.59,2009,3,6
2009-03-07,2009-3-7,47.85,2009,3,7
2009-03-08,2009-3-8,14.1,2009,3,8
2009-03-09,2009-3-9,27.45,2009,3,9
2009-04-01,2009-4-1,175.245,2009,4,1
2009-04-10,2009-4-10,35.5,2009,4,10
2009-04-11,2009-4-11,33.68,2009,4,11
2009-04-12,2009-4-12,68.505,2009,4,12
2009-04-13,2009-4-13,45.635,2009,4,13
2009-04-14,2009-4-14,24.4,2009,4,14
2009-04-15,2009-4-15,34.78,2009,4,15
2009-04-16,2009-4-16,63.7,2009,4,16
2009-04-17,2009-4-17,46.49,2009,4,17
2009-04-18,2009-4-18,65.135,2009,4,18
2009-04-19,2009-4-19,58.205,2009,4,19
2009-04-02,2009-4-2,183.065,2009,4,2
2009-04-20,2009-4-20,54.96,2009,4,20
2009-04-21,2009-4-21,34.69,2009,4,21
2009-04-22,2009-4-22,28.49,2009,4,22
2009-04-23,2009-4-23,30.04,2009,4,23
2009-04-24,2009-4-24,74.28,2009,4,24
2009-04-25,2009-4-25,34.6,2009,4,25
2009-04-26,2009-4-26,37.02,2009,4,26
2009-04-27,2009-4-27,46.47,2009,4,27
2009-04-28,2009-4-28,41.82,2009,4,28
2009-04-29,2009-4-29,94.57,2009,4,29
2009-04-03,2009-4-3,84.57,2009,4,3
2009-04-30,2009-4-30,43.27,2009,4,30
2009-04-04,2009-4-4,49.9,2009,4,4
2009-04-05,2009-4-5,41.435,2009,4,5
2009-04-06,2009-4-6,28.04,2009,4,6
2009-04-07,2009-4-7,36.71,2009,4,7
2009-04-08,2009-4-8,27.74,2009,4,8
2009-04-09,2009-4-9,27.2,2009,4,9
2009-05-01,2009-5-1,58.12,2009,5,1
2009-05-10,2009-5-10,15.775,2009,5,10
2009-05-11,2009-5-11,12.505,2009,5,11
2009-05-12,2009-5-12,55.375,2009,5,12
2009-05-13,2009-5-13,58.47,2009,5,13
2009-05-14,2009-5-14,61.1,2009,5,14
2009-05-15,2009-5-15,49.79,2009,5,15
2009-05-16,2009-5-16,34.755,2009,5,16
2009-05-17,2009-5-17,35.35,2009,5,17
2009-05-18,2009-5-18,59.3,2009,5,18
2009-05-19,2009-5-19,56.035,2009,5,19
2009-05-02,2009-5-2,57.025,2009,5,2
2009-05-20,2009-5-20,56.57,2009,5,20
2009-05-21,2009-5-21,50.04,2009,5,21
2009-05-22,2009-5-22,54.71,2009,5,22
2009-05-23,2009-5-23,71.735,2009,5,23
2009-05-24,2009-5-24,14.68,2009,5,24
2009-05-25,2009-5-25,23.66,2009,5,25
2009-05-26,2009-5-26,39.19,2009,5,26
2009-05-27,2009-5-27,24.09,2009,5,27
2009-05-28,2009-5-28,15.98,2009,5,28
2009-05-29,2009-5-29,12.88,2009,5,29
2009-05-03,2009-5-3,47.235,2009,5,3
2009-05-30,2009-5-30,24.26,2009,5,30
2009-05-31,2009-5-31,14.1,2009,5,31
2009-05-04,2009-5-4,29.86,2009,5,4
2009-05-05,2009-5-5,16.38,2009,5,5
2009-05-06,2009-5-6,15.88,2009,5,6
2009-05-07,2009-5-7,7.6,2009,5,7
2009-05-08,2009-5-8,8.63,2009,5,8
2009-05-09,2009-5-9,10.955,2009,5,9
2009-06-01,2009-6-1,49.435,2009,6,1
2009-06-02,2009-6-2,63.67,2009,6,2
2009-06-24,2009-6-24,0,2009,6,24
2009-06-25,2009-6-25,31.545,2009,6,25
2009-06-26,2009-6-26,18.82,2009,6,26
2009-06-27,2009-6-27,20.135,2009,6,27
2009-06-28,2009-6-28,8.3,2009,6,28
2009-06-29,2009-6-29,17.28,2009,6,29
2009-06-03,2009-6-3,39.87,2009,6,3
2009-06-30,2009-6-30,16.205,2009,6,30
2009-06-04,2009-6-4,30.9,2009,6,4
2009-06-05,2009-6-5,25.925,2009,6,5
2009-07-01,2009-7-1,7.58,2009,7,1
2009-07-10,2009-7-10,2.81,2009,7,10
2009-07-11,2009-7-11,2.2,2009,7,11
2009-07-12,2009-7-12,2.65,2009,7,12
2009-07-13,2009-7-13,5.96,2009,7,13
2009-07-14,2009-7-14,2.86,2009,7,14
2009-07-15,2009-7-15,2.5,2009,7,15
2009-07-16,2009-7-16,5.96,2009,7,16
2009-07-17,2009-7-17,11.66,2009,7,17
2009-07-18,2009-7-18,3.2,2009,7,18
2009-07-19,2009-7-19,6.875,2009,7,19
2009-07-02,2009-7-2,5.115,2009,7,2
2009-07-20,2009-7-20,15.23,2009,7,20
2009-07-21,2009-7-21,7.44,2009,7,21
2009-07-22,2009-7-22,15.435,2009,7,22
2009-07-23,2009-7-23,21.1,2009,7,23
2009-07-24,2009-7-24,16.735,2009,7,24
2009-07-25,2009-7-25,4.49,2009,7,25
2009-07-26,2009-7-26,5.925,2009,7,26
2009-07-27,2009-7-27,2.82,2009,7,27
2009-07-28,2009-7-28,1.84,2009,7,28
2009-07-29,2009-7-29,2.4,2009,7,29
2009-07-03,2009-7-3,9.15,2009,7,3
2009-07-30,2009-7-30,6.7,2009,7,30
2009-07-31,2009-7-31,2.1,2009,7,31
2009-07-04,2009-7-4,30.88,2009,7,4
2009-07-05,2009-7-5,15.91,2009,7,5
2009-07-06,2009-7-6,8.8,2009,7,6
2009-07-07,2009-7-7,11.66,2009,7,7
2009-07-08,2009-7-8,8.71,2009,7,8
2009-07-09,2009-7-9,12.7,2009,7,9
2009-08-01,2009-8-1,1.93,2009,8,1
2009-08-10,2009-8-10,5.9,2009,8,10
2009-08-19,2009-8-19,1.45,2009,8,19
2009-08-02,2009-8-2,2.505,2009,8,2
2009-08-20,2009-8-20,0.86,2009,8,20
2009-08-21,2009-8-21,1.89,2009,8,21
2009-08-22,2009-8-22,4.7,2009,8,22
2009-08-23,2009-8-23,3.8,2009,8,23
2009-08-24,2009-8-24,5.1,2009,8,24
2009-08-25,2009-8-25,5.49,2009,8,25
2009-08-26,2009-8-26,2.8,2009,8,26
2009-08-27,2009-8-27,5.415,2009,8,27
2009-08-28,2009-8-28,16.4,2009,8,28
2009-08-29,2009-8-29,1.4,2009,8,29
2009-08-03,2009-8-3,6.9,2009,8,3
2009-08-30,2009-8-30,1.5,2009,8,30
2009-08-31,2009-8-31,4.26,2009,8,31
2009-08-04,2009-8-4,2.17,2009,8,4
2009-08-05,2009-8-5,2.6,2009,8,5
2009-08-06,2009-8-6,0.805,2009,8,6
2009-08-07,2009-8-7,1.7,2009,8,7
2009-08-08,2009-8-8,5.3,2009,8,8
2009-08-09,2009-8-9,12.1,2009,8,9
2009-09-01,2009-9-1,1.625,2009,9,1
2009-09-10,2009-9-10,4.37,2009,9,10
2009-09-11,2009-9-11,0.765,2009,9,11
2009-09-12,2009-9-12,2.755,2009,9,12
2009-09-13,2009-9-13,5.56,2009,9,13
2009-09-14,2009-9-14,7.5,2009,9,14
2009-09-15,2009-9-15,7.66,2009,9,15
2009-09-16,2009-9-16,4.25,2009,9,16
2009-09-19,2009-9-19,27.18,2009,9,19
2009-09-02,2009-9-2,2.505,2009,9,2
2009-09-20,2009-9-20,15.99,2009,9,20
2009-09-21,2009-9-21,4.66,2009,9,21
2009-09-22,2009-9-22,1.96,2009,9,22
2009-09-23,2009-9-23,43.665,2009,9,23
2009-09-24,2009-9-24,9.28,2009,9,24
2009-09-25,2009-9-25,18.215,2009,9,25
2009-09-26,2009-9-26,15.035,2009,9,26
2009-09-27,2009-9-27,12.8,2009,9,27
2009-09-28,2009-9-28,8.22,2009,9,28
2009-09-29,2009-9-29,8.62,2009,9,29
2009-09-03,2009-9-3,0.63,2009,9,3
2009-09-30,2009-9-30,10.4,2009,9,30
2009-09-04,2009-9-4,1.355,2009,9,4
2009-09-05,2009-9-5,2.615,2009,9,5
2009-09-06,2009-9-6,2.625,2009,9,6
2009-09-07,2009-9-7,1.4,2009,9,7
2009-09-08,2009-9-8,4.1,2009,9,8
2009-09-09,2009-9-9,6.325,2009,9,9
2010-01-01,2010-1-1,103.17,2010,1,1
2010-01-10,2010-1-10,21.87,2010,1,10
2010-01-11,2010-1-11,32.8,2010,1,11
2010-01-12,2010-1-12,42.635,2010,1,12
2010-01-13,2010-1-13,28.515,2010,1,13
2010-01-14,2010-1-14,65.705,2010,1,14
2010-01-15,2010-1-15,50.735,2010,1,15
2010-01-16,2010-1-16,29.925,2010,1,16
2010-01-17,2010-1-17,20.105,2010,1,17
2010-01-18,2010-1-18,263.85,2010,1,18
2010-01-19,2010-1-19,118.07,2010,1,19
2010-01-02,2010-1-2,50.6,2010,1,2
2010-01-20,2010-1-20,67.235,2010,1,20
2010-01-21,2010-1-21,32.82,2010,1,21
2010-01-22,2010-1-22,28.37,2010,1,22
2010-01-23,2010-1-23,24.735,2010,1,23
2010-01-24,2010-1-24,30.74,2010,1,24
2010-01-25,2010-1-25,35.035,2010,1,25
2010-01-26,2010-1-26,27.51,2010,1,26
2010-01-27,2010-1-27,14.96,2010,1,27
2010-01-28,2010-1-28,9.1,2010,1,28
2010-01-29,2010-1-29,21.28,2010,1,29
2010-01-03,2010-1-3,24.28,2010,1,3
2010-01-30,2010-1-30,9.225,2010,1,30
2010-01-31,2010-1-31,12.28,2010,1,31
2010-01-04,2010-1-4,10.395,2010,1,4
2010-01-05,2010-1-5,16.5,2010,1,5
2010-01-06,2010-1-6,42.135,2010,1,6
2010-01-07,2010-1-7,81.935,2010,1,7
2010-01-08,2010-1-8,63.775,2010,1,8
2010-01-09,2010-1-9,45.705,2010,1,9
2010-10-01,2010-10-1,20.17,2010,10,1
2010-10-10,2010-10-10,24.335,2010,10,10
2010-10-11,2010-10-11,12.96,2010,10,11
2010-10-12,2010-10-12,4.785,2010,10,12
2010-10-13,2010-10-13,3.96,2010,10,13
2010-10-14,2010-10-14,5.6,2010,10,14
2010-10-15,2010-10-15,12.42,2010,10,15
2010-10-16,2010-10-16,24.77,2010,10,16
2010-10-17,2010-10-17,43.335,2010,10,17
2010-10-18,2010-10-18,42.505,2010,10,18
2010-10-19,2010-10-19,15.08,2010,10,19
2010-10-02,2010-10-2,3.885,2010,10,2
2010-10-20,2010-10-20,18.85,2010,10,20
2010-10-21,2010-10-21,15,2010,10,21
2010-10-22,2010-10-22,2.47,2010,10,22
2010-10-23,2010-10-23,7.71,2010,10,23
2010-10-24,2010-10-24,8.355,2010,10,24
2010-10-25,2010-10-25,1.755,2010,10,25
2010-10-26,2010-10-26,3.1,2010,10,26
2010-10-27,2010-10-27,11.34,2010,10,27
2010-10-28,2010-10-28,45.545,2010,10,28
2010-10-29,2010-10-29,47.545,2010,10,29
2010-10-03,2010-10-3,5.4,2010,10,3
2010-10-30,2010-10-30,203.91,2010,10,30
2010-10-31,2010-10-31,204.42,2010,10,31
2010-10-04,2010-10-4,9.7,2010,10,4
2010-10-05,2010-10-5,5.775,2010,10,5
2010-10-06,2010-10-6,8.96,2010,10,6
2010-10-07,2010-10-7,3,2010,10,7
2010-10-08,2010-10-8,2.45,2010,10,8
2010-10-09,2010-10-9,5.06,2010,10,9
2010-11-01,2010-11-1,365.05,2010,11,1
2010-11-10,2010-11-10,51.335,2010,11,10
2010-11-11,2010-11-11,50.23,2010,11,11
2010-11-12,2010-11-12,57.405,2010,11,12
2010-11-13,2010-11-13,49.37,2010,11,13
2010-11-14,2010-11-14,55.64,2010,11,14
2010-11-15,2010-11-15,44.75,2010,11,15
2010-11-16,2010-11-16,20.31,2010,11,16
2010-11-17,2010-11-17,26.975,2010,11,17
2010-11-18,2010-11-18,31.9,2010,11,18
2010-11-19,2010-11-19,25.425,2010,11,19
2010-11-02,2010-11-2,244.89,2010,11,2
2010-11-20,2010-11-20,47.17,2010,11,20
2010-11-21,2010-11-21,49.97,2010,11,21
2010-11-22,2010-11-22,28.8,2010,11,22
2010-11-23,2010-11-23,26.925,2010,11,23
2010-11-24,2010-11-24,26.7,2010,11,24
2010-11-25,2010-11-25,14.875,2010,11,25
2010-11-26,2010-11-26,14.04,2010,11,26
2010-11-27,2010-11-27,19.22,2010,11,27
2010-11-28,2010-11-28,14.91,2010,11,28
2010-11-29,2010-11-29,10.215,2010,11,29
2010-11-03,2010-11-3,107.275,2010,11,3
2010-11-30,2010-11-30,7.7,2010,11,30
2010-11-04,2010-11-4,30.34,2010,11,4
2010-11-05,2010-11-5,32.37,2010,11,5
2010-11-06,2010-11-6,56,2010,11,6
2010-11-07,2010-11-7,55.37,2010,11,7
2010-11-08,2010-11-8,14.88,2010,11,8
2010-11-09,2010-11-9,36.05,2010,11,9
2010-12-01,2010-12-1,16.13,2010,12,1
2010-12-10,2010-12-10,49.7,2010,12,10
2010-12-11,2010-12-11,92.01,2010,12,11
2010-12-12,2010-12-12,43.445,2010,12,12
2010-12-13,2010-12-13,34.305,2010,12,13
2010-12-14,2010-12-14,28.2,2010,12,14
2010-12-15,2010-12-15,49.705,2010,12,15
2010-12-16,2010-12-16,56.035,2010,12,16
2010-12-17,2010-12-17,36.93,2010,12,17
2010-12-18,2010-12-18,44.305,2010,12,18
2010-12-19,2010-12-19,60,2010,12,19
2010-12-02,2010-12-2,47.6,2010,12,2
2010-12-20,2010-12-20,72.905,2010,12,20
2010-12-21,2010-12-21,49.37,2010,12,21
2010-12-22,2010-12-22,51.805,2010,12,22
2010-12-23,2010-12-23,52.7,2010,12,23
2010-12-24,2010-12-24,24.04,2010,12,24
2010-12-25,2010-12-25,36.435,2010,12,25
2010-12-26,2010-12-26,37.675,2010,12,26
2010-12-27,2010-12-27,19.64,2010,12,27
2010-12-28,2010-12-28,18.45,2010,12,28
2010-12-29,2010-12-29,22.67,2010,12,29
2010-12-03,2010-12-3,121.885,2010,12,3
2010-12-30,2010-12-30,270.275,2010,12,30
2010-12-31,2010-12-31,255.78,2010,12,31
2010-12-04,2010-12-4,73.57,2010,12,4
2010-12-05,2010-12-5,43.235,2010,12,5
2010-12-06,2010-12-6,24.67,2010,12,6
2010-12-07,2010-12-7,34.035,2010,12,7
2010-12-08,2010-12-8,109.905,2010,12,8
2010-12-09,2010-12-9,55.01,2010,12,9
2010-02-01,2010-2-1,5.03,2010,2,1
2010-02-10,2010-2-10,13.205,2010,2,10
2010-02-11,2010-2-11,12.52,2010,2,11
2010-02-12,2010-2-12,14.555,2010,2,12
2010-02-13,2010-2-13,55.535,2010,2,13
2010-02-14,2010-2-14,63.17,2010,2,14
2010-02-15,2010-2-15,62.045,2010,2,15
2010-02-16,2010-2-16,67.47,2010,2,16
2010-02-17,2010-2-17,71.77,2010,2,17
2010-02-18,2010-2-18,69.3,2010,2,18
2010-02-19,2010-2-19,74.03,2010,2,19
2010-02-02,2010-2-2,13.11,2010,2,2
2010-02-20,2010-2-20,73.545,2010,2,20
2010-02-21,2010-2-21,27.675,2010,2,21
2010-02-22,2010-2-22,29.62,2010,2,22
2010-02-23,2010-2-23,51.8,2010,2,23
2010-02-24,2010-2-24,37.235,2010,2,24
2010-02-25,2010-2-25,36.535,2010,2,25
2010-02-26,2010-2-26,55.025,2010,2,26
2010-02-27,2010-2-27,148.84,2010,2,27
2010-02-28,2010-2-28,174.175,2010,2,28
2010-02-03,2010-2-3,24.705,2010,2,3
2010-02-04,2010-2-4,72.9,2010,2,4
2010-02-05,2010-2-5,107.8,2010,2,5
2010-02-06,2010-2-6,81.835,2010,2,6
2010-02-07,2010-2-7,81.17,2010,2,7
2010-02-08,2010-2-8,27.28,2010,2,8
2010-02-09,2010-2-9,15.67,2010,2,9
2010-03-01,2010-3-1,183.33,2010,3,1
2010-03-10,2010-3-10,107.77,2010,3,10
2010-03-11,2010-3-11,192.215,2010,3,11
2010-03-12,2010-3-12,468.315,2010,3,12
2010-03-13,2010-3-13,360.54,2010,3,13
2010-03-14,2010-3-14,214.785,2010,3,14
2010-03-15,2010-3-15,53.33,2010,3,15
2010-03-16,2010-3-16,56.2,2010,3,16
2010-03-17,2010-3-17,43.085,2010,3,17
2010-03-18,2010-3-18,48.12,2010,3,18
2010-03-19,2010-3-19,2477.515,2010,3,19
2010-03-02,2010-3-2,350.84,2010,3,2
2010-03-20,2010-3-20,547.02,2010,3,20
2010-03-21,2010-3-21,697.835,2010,3,21
2010-03-22,2010-3-22,655.525,2010,3,22
2010-03-23,2010-3-23,223.24,2010,3,23
2010-03-24,2010-3-24,162.2,2010,3,24
2010-03-25,2010-3-25,126.32,2010,3,25
2010-03-26,2010-3-26,83.945,2010,3,26
2010-03-27,2010-3-27,154.44,2010,3,27
2010-03-28,2010-3-28,458.125,2010,3,28
2010-03-29,2010-3-29,361.01,2010,3,29
2010-03-03,2010-3-3,421.71,2010,3,3
2010-03-30,2010-3-30,443.4,2010,3,30
2010-03-31,2010-3-31,447.83,2010,3,31
2010-03-04,2010-3-4,364.495,2010,3,4
2010-03-05,2010-3-5,307.35,2010,3,5
2010-03-06,2010-3-6,145.31,2010,3,6
2010-03-07,2010-3-7,101.325,2010,3,7
2010-03-08,2010-3-8,100.525,2010,3,8
2010-03-09,2010-3-9,172.315,2010,3,9
2010-04-01,2010-4-1,320.455,2010,4,1
2010-04-10,2010-4-10,280.07,2010,4,10
2010-04-11,2010-4-11,167.115,2010,4,11
2010-04-12,2010-4-12,120.28,2010,4,12
2010-04-13,2010-4-13,58.88,2010,4,13
2010-04-14,2010-4-14,53.95,2010,4,14
2010-04-15,2010-4-15,52.86,2010,4,15
2010-04-16,2010-4-16,95.14,2010,4,16
2010-04-17,2010-4-17,82.635,2010,4,17
2010-04-18,2010-4-18,50.405,2010,4,18
2010-04-19,2010-4-19,139.515,2010,4,19
2010-04-02,2010-4-2,164.425,2010,4,2
2010-04-20,2010-4-20,90.65,2010,4,20
2010-04-21,2010-4-21,124.77,2010,4,21
2010-04-22,2010-4-22,113.02,2010,4,22
2010-04-23,2010-4-23,35,2010,4,23
2010-04-24,2010-4-24,308.19,2010,4,24
2010-04-25,2010-4-25,32.975,2010,4,25
2010-04-26,2010-4-26,107.925,2010,4,26
2010-04-27,2010-4-27,24.96,2010,4,27
2010-04-28,2010-4-28,22.81,2010,4,28
2010-04-29,2010-4-29,37.32,2010,4,29
2010-04-03,2010-4-3,53.79,2010,4,3
2010-04-30,2010-4-30,54.18,2010,4,30
2010-04-04,2010-4-4,33.155,2010,4,4
2010-04-05,2010-4-5,43.27,2010,4,5
2010-04-06,2010-4-6,105.875,2010,4,6
2010-04-07,2010-4-7,223.97,2010,4,7
2010-04-08,2010-4-8,532.58,2010,4,8
2010-04-09,2010-4-9,424.5,2010,4,9
2010-05-01,2010-5-1,53.145,2010,5,1
2010-05-10,2010-5-10,37.345,2010,5,10
2010-05-11,2010-5-11,63.6,2010,5,11
2010-05-12,2010-5-12,55.61,2010,5,12
2010-05-13,2010-5-13,34.4,2010,5,13
2010-05-14,2010-5-14,44.65,2010,5,14
2010-05-15,2010-5-15,37.19,2010,5,15
2010-05-16,2010-5-16,31.64,2010,5,16
2010-05-17,2010-5-17,58.905,2010,5,17
2010-05-18,2010-5-18,28.6,2010,5,18
2010-05-19,2010-5-19,45.045,2010,5,19
2010-05-02,2010-5-2,60.9,2010,5,2
2010-05-20,2010-5-20,40.475,2010,5,20
2010-05-21,2010-5-21,11.05,2010,5,21
2010-05-22,2010-5-22,13.285,2010,5,22
2010-05-23,2010-5-23,54.39,2010,5,23
2010-05-24,2010-5-24,17.005,2010,5,24
2010-05-25,2010-5-25,18.3,2010,5,25
2010-05-26,2010-5-26,51.44,2010,5,26
2010-05-27,2010-5-27,59.7,2010,5,27
2010-05-28,2010-5-28,63.225,2010,5,28
2010-05-29,2010-5-29,13.9,2010,5,29
2010-05-03,2010-5-3,22.02,2010,5,3
2010-05-30,2010-5-30,12.745,2010,5,30
2010-05-31,2010-5-31,38.3,2010,5,31
2010-05-04,2010-5-4,45.48,2010,5,4
2010-05-05,2010-5-5,31.175,2010,5,5
2010-05-06,2010-5-6,44.57,2010,5,6
2010-05-07,2010-5-7,25.9,2010,5,7
2010-05-08,2010-5-8,44.7,2010,5,8
2010-05-09,2010-5-9,85.47,2010,5,9
2010-06-01,2010-6-1,29.34,2010,6,1
2010-06-10,2010-6-10,28.54,2010,6,10
2010-06-11,2010-6-11,24.7,2010,6,11
2010-06-12,2010-6-12,53.975,2010,6,12
2010-06-13,2010-6-13,79.71,2010,6,13
2010-06-14,2010-6-14,38.6,2010,6,14
2010-06-15,2010-6-15,15.37,2010,6,15
2010-06-16,2010-6-16,22.34,2010,6,16
2010-06-17,2010-6-17,38.18,2010,6,17
2010-06-18,2010-6-18,11.04,2010,6,18
2010-06-19,2010-6-19,61.64,2010,6,19
2010-06-02,2010-6-2,28.84,2010,6,2
2010-06-20,2010-6-20,24.35,2010,6,20
2010-06-21,2010-6-21,17.06,2010,6,21
2010-06-22,2010-6-22,6.125,2010,6,22
2010-06-23,2010-6-23,12.785,2010,6,23
2010-06-24,2010-6-24,49.84,2010,6,24
2010-06-25,2010-6-25,14.3,2010,6,25
2010-06-26,2010-6-26,8.745,2010,6,26
2010-06-27,2010-6-27,5.21,2010,6,27
2010-06-28,2010-6-28,16.315,2010,6,28
2010-06-29,2010-6-29,54.31,2010,6,29
2010-06-03,2010-6-3,22.92,2010,6,3
2010-06-30,2010-6-30,40.285,2010,6,30
2010-06-04,2010-6-4,5.3,2010,6,4
2010-06-05,2010-6-5,7.59,2010,6,5
2010-06-06,2010-6-6,22.63,2010,6,6
2010-06-07,2010-6-7,21.29,2010,6,7
2010-06-08,2010-6-8,20.88,2010,6,8
2010-06-09,2010-6-9,22.695,2010,6,9
2010-07-01,2010-7-1,13.445,2010,7,1
2010-07-10,2010-7-10,4.98,2010,7,10
2010-07-11,2010-7-11,2.505,2010,7,11
2010-07-12,2010-7-12,0.985,2010,7,12
2010-07-13,2010-7-13,2.78,2010,7,13
2010-07-14,2010-7-14,10.805,2010,7,14
2010-07-15,2010-7-15,25.035,2010,7,15
2010-07-16,2010-7-16,3.36,2010,7,16
2010-07-17,2010-7-17,3.505,2010,7,17
2010-07-18,2010-7-18,3.47,2010,7,18
2010-07-19,2010-7-19,6.4,2010,7,19
2010-07-02,2010-7-2,12.96,2010,7,2
2010-07-20,2010-7-20,15.87,2010,7,20
2010-07-21,2010-7-21,13.52,2010,7,21
2010-07-22,2010-7-22,11.43,2010,7,22
2010-07-23,2010-7-23,14.75,2010,7,23
2010-07-24,2010-7-24,6.205,2010,7,24
2010-07-25,2010-7-25,10.04,2010,7,25
2010-07-26,2010-7-26,18.235,2010,7,26
2010-07-27,2010-7-27,6.3,2010,7,27
2010-07-28,2010-7-28,4.885,2010,7,28
2010-07-29,2010-7-29,4.53,2010,7,29
2010-07-03,2010-7-3,2.045,2010,7,3
2010-07-30,2010-7-30,4.675,2010,7,30
2010-07-04,2010-7-4,5.42,2010,7,4
2010-07-05,2010-7-5,17.7,2010,7,5
2010-07-06,2010-7-6,9.41,2010,7,6
2010-07-07,2010-7-7,28.35,2010,7,7
2010-07-08,2010-7-8,10.4,2010,7,8
2010-07-09,2010-7-9,5.465,2010,7,9
2010-08-01,2010-8-1,9.465,2010,8,1
2010-08-10,2010-8-10,2.49,2010,8,10
2010-08-11,2010-8-11,2.5,2010,8,11
2010-08-12,2010-8-12,6.235,2010,8,12
2010-08-13,2010-8-13,2.7,2010,8,13
2010-08-14,2010-8-14,7.735,2010,8,14
2010-08-15,2010-8-15,2.3,2010,8,15
2010-08-16,2010-8-16,6.105,2010,8,16
2010-08-17,2010-8-17,6.46,2010,8,17
2010-08-18,2010-8-18,0.98,2010,8,18
2010-08-19,2010-8-19,3.6,2010,8,19
2010-08-02,2010-8-2,8.21,2010,8,2
2010-08-20,2010-8-20,6.73,2010,8,20
2010-08-21,2010-8-21,4.935,2010,8,21
2010-08-22,2010-8-22,5.9,2010,8,22
2010-08-23,2010-8-23,3.3,2010,8,23
2010-08-24,2010-8-24,2.4,2010,8,24
2010-08-25,2010-8-25,5.4,2010,8,25
2010-08-26,2010-8-26,5.38,2010,8,26
2010-08-27,2010-8-27,6.86,2010,8,27
2010-08-28,2010-8-28,3.775,2010,8,28
2010-08-29,2010-8-29,4.185,2010,8,29
2010-08-03,2010-8-3,7.57,2010,8,3
2010-08-30,2010-8-30,3.91,2010,8,30
2010-08-31,2010-8-31,1.17,2010,8,31
2010-08-04,2010-8-4,4.635,2010,8,4
2010-08-05,2010-8-5,12.035,2010,8,5
2010-08-06,2010-8-6,6.75,2010,8,6
2010-08-07,2010-8-7,9.4,2010,8,7
2010-08-08,2010-8-8,8.43,2010,8,8
2010-08-09,2010-8-9,1.94,2010,8,9
2010-09-01,2010-9-1,1.93,2010,9,1
2010-09-10,2010-9-10,1.2,2010,9,10
2010-09-11,2010-9-11,3.04,2010,9,11
2010-09-12,2010-9-12,7.96,2010,9,12
2010-09-13,2010-9-13,2.61,2010,9,13
2010-09-14,2010-9-14,1.445,2010,9,14
2010-09-15,2010-9-15,7.66,2010,9,15
2010-09-16,2010-9-16,7,2010,9,16
2010-09-17,2010-9-17,2.1,2010,9,17
2010-09-18,2010-9-18,4.3,2010,9,18
2010-09-19,2010-9-19,2.8,2010,9,19
2010-09-02,2010-9-2,2.155,2010,9,2
2010-09-20,2010-9-20,4.2,2010,9,20
2010-09-21,2010-9-21,4.04,2010,9,21
2010-09-22,2010-9-22,12.52,2010,9,22
2010-09-23,2010-9-23,21.235,2010,9,23
2010-09-24,2010-9-24,13.535,2010,9,24
2010-09-25,2010-9-25,18.5,2010,9,25
2010-09-26,2010-9-26,11.33,2010,9,26
2010-09-27,2010-9-27,19.735,2010,9,27
2010-09-28,2010-9-28,6.2,2010,9,28
2010-09-29,2010-9-29,3.64,2010,9,29
2010-09-03,2010-9-3,1.4,2010,9,3
2010-09-30,2010-9-30,9.77,2010,9,30
2010-09-04,2010-9-4,2.8,2010,9,4
2010-09-05,2010-9-5,2.785,2010,9,5
2010-09-06,2010-9-6,3.3,2010,9,6
2010-09-07,2010-9-7,1.78,2010,9,7
2010-09-08,2010-9-8,3.195,2010,9,8
2010-09-09,2010-9-9,3.545,2010,9,9
